{
  "nombre": "Juan Pérez",
  "email": "juanperez@email.com",
  "resumen": "Técnico en sistemas con experiencia en soporte y mantenimiento de hardware.",
  "experiencia": [
    "Técnico informático en XYZ S.L. (2022-2023)",
    "Prácticas en el departamento IT de Empresa ABC (2021)",
    "Enderezando platanos, 3000"
  ],
  "educacion": [
    "Grado medio en Sistemas Microinformáticos y Redes (2020-2022)",
    "Certificado de profesionalidad en Operación de sistemas informáticos (2023)"
  ]
}
